{
  "images" : [
    {
      "size" : "20x20",
      "idiom" : "iphone",
      "filename" : "MatchMatch Icon-40_x_40.jpg",
      "scale" : "2x"
    },
    {
      "size" : "20x20",
      "idiom" : "iphone",
      "filename" : "MatchMatch Icon-60_x_60.jpg",
      "scale" : "3x"
    },
    {
      "size" : "29x29",
      "idiom" : "iphone",
      "filename" : "MatchMatch Icon-58_x_58-1.jpg",
      "scale" : "2x"
    },
    {
      "size" : "29x29",
      "idiom" : "iphone",
      "filename" : "MatchMatch Icon-87_x_87.jpg",
      "scale" : "3x"
    },
    {
      "size" : "40x40",
      "idiom" : "iphone",
      "filename" : "MatchMatch Icon-80_x_80.jpg",
      "scale" : "2x"
    },
    {
      "size" : "40x40",
      "idiom" : "iphone",
      "filename" : "MatchMatch Icon-120_x_120.jpg",
      "scale" : "3x"
    },
    {
      "size" : "60x60",
      "idiom" : "iphone",
      "filename" : "MatchMatch Icon-120_x_120-1.jpg",
      "scale" : "2x"
    },
    {
      "size" : "60x60",
      "idiom" : "iphone",
      "filename" : "MatchMatch Icon-180_x_180.jpg",
      "scale" : "3x"
    },
    {
      "size" : "20x20",
      "idiom" : "ipad",
      "filename" : "MatchMatch Icon-20_x_20.jpg",
      "scale" : "1x"
    },
    {
      "size" : "20x20",
      "idiom" : "ipad",
      "filename" : "MatchMatch Icon-40_x_40-1.jpg",
      "scale" : "2x"
    },
    {
      "size" : "29x29",
      "idiom" : "ipad",
      "filename" : "MatchMatch Icon-29_x_29.jpg",
      "scale" : "1x"
    },
    {
      "size" : "29x29",
      "idiom" : "ipad",
      "filename" : "MatchMatch Icon-58_x_58.jpg",
      "scale" : "2x"
    },
    {
      "size" : "40x40",
      "idiom" : "ipad",
      "filename" : "MatchMatch Icon-40_x_40-2.jpg",
      "scale" : "1x"
    },
    {
      "size" : "40x40",
      "idiom" : "ipad",
      "filename" : "MatchMatch Icon-80_x_80-1.jpg",
      "scale" : "2x"
    },
    {
      "size" : "76x76",
      "idiom" : "ipad",
      "filename" : "MatchMatch Icon-76_x_76.jpg",
      "scale" : "1x"
    },
    {
      "size" : "76x76",
      "idiom" : "ipad",
      "filename" : "MatchMatch Icon-152_x_152.jpg",
      "scale" : "2x"
    },
    {
      "size" : "83.5x83.5",
      "idiom" : "ipad",
      "filename" : "MatchMatch Icon-167_x_167.jpg",
      "scale" : "2x"
    },
    {
      "size" : "1024x1024",
      "idiom" : "ios-marketing",
      "filename" : "MatchMatch Icon-1024_x_1024.jpg",
      "scale" : "1x"
    }
  ],
  "info" : {
    "version" : 1,
    "author" : "xcode"
  }
}